{
    "accuracy": 0.6990668740279938,
    "classification_report": {
        "CANDIDATE": {
            "precision": 0.6772861356932154,
            "recall": 0.7090796788140827,
            "f1-score": 0.6928183464091732,
            "support": 1619.0
        },
        "CONFIRMED": {
            "precision": 0.6080937167199149,
            "recall": 0.6694021101992966,
            "f1-score": 0.6372767857142857,
            "support": 853.0
        },
        "FALSE POSITIVE": {
            "precision": 0.7990196078431373,
            "recall": 0.7056277056277056,
            "f1-score": 0.7494252873563219,
            "support": 1386.0
        },
        "accuracy": 0.6990668740279938,
        "macro avg": {
            "precision": 0.6947998200854224,
            "recall": 0.6947031648803618,
            "f1-score": 0.693173473159927,
            "support": 3858.0
        },
        "weighted avg": {
            "precision": 0.7057209358527712,
            "recall": 0.6990668740279938,
            "f1-score": 0.7008744036616378,
            "support": 3858.0
        }
    },
    "confusion_matrix": [
        [
            1148,
            271,
            200
        ],
        [
            236,
            571,
            46
        ],
        [
            311,
            97,
            978
        ]
    ],
    "class_names": [
        "CANDIDATE",
        "CONFIRMED",
        "FALSE POSITIVE"
    ]
}